{
    "rmse": 988.2964404055326,
    "mae": 780.8541708730943,
    "r2": 0.46422260830764994
}